,Parameter,Rs,Prot,cosi,incs,v,vsini
0,Median,1.4702662639978905,9.790457555871484,0.3578442271317144,69.03213847440843,7.594790815604883,6.932581683825955
1,Lower,0.017369018484111987,0.8632400180738973,0.27183444160132164,7.6917108424773915,0.7350942430246237,0.7479822524232276
2,Upper,0.016225464238396325,0.8521634956603918,0.1978742324796091,20.796009434031518,0.5951826343687294,0.7797017762126712
