,Parameter,Rs,Prot,cosi,incs,v,vsini
0,Median,1.4702162848561355,9.775301037990623,0.36349721143791214,68.68487223750333,7.612076913586787,6.940798736410732
1,Lower,0.017597945552117578,0.866022157914772,0.2817134695781235,8.012830965000006,0.6872204868662202,0.7577766862925674
2,Upper,0.015857697312336105,0.8674093982000883,0.19051246176724224,20.866588991517943,0.6587208800467153,0.7840107594530688
